"Дата","Цена","Откр.","Макс.","Мин.","Объём","Изм. %"
"29.12.2023","193,30","195,70","196,90","193,00","339,99K","-1,23%"
"28.12.2023","195,70","196,80","199,00","195,50","497,88K","0,10%"
"27.12.2023","195,50","198,40","200,10","193,00","1,25M","-1,46%"
"26.12.2023","198,40","200,00","203,50","197,70","1,63M","-0,70%"
"25.12.2023","199,80","199,70","201,00","197,20","1,66M","1,06%"
"22.12.2023","197,70","198,00","201,20","196,70","969,01K","-0,15%"
"21.12.2023","198,00","199,00","200,00","195,50","249,86K","-0,45%"
"20.12.2023","198,90","194,50","201,90","191,60","720,87K","3,00%"
"19.12.2023","193,10","198,90","202,00","191,20","924,09K","-2,28%"
"18.12.2023","197,60","187,70","199,20","187,60","1,33M","5,50%"
"15.12.2023","187,30","182,60","188,00","182,00","178,51K","2,57%"
"14.12.2023","182,60","187,00","187,80","182,10","146,06K","-1,35%"
"13.12.2023","185,10","181,80","187,00","180,50","201,60K","1,70%"
"12.12.2023","182,00","184,00","185,40","180,70","197,23K","-0,60%"
"11.12.2023","183,10","187,80","189,60","180,50","418,58K","-1,82%"
"08.12.2023","186,50","188,00","194,60","184,20","1,45M","1,36%"
"07.12.2023","184,00","188,00","190,90","176,00","1,15M","-2,13%"
"06.12.2023","188,00","197,80","199,60","186,10","459,94K","-3,39%"
"05.12.2023","194,60","193,70","197,00","190,60","495,12K","0,41%"
"04.12.2023","193,80","194,00","199,80","190,10","432,74K","-0,41%"
"01.12.2023","194,60","196,70","196,70","193,50","275,81K","-1,07%"
"30.11.2023","196,70","202,00","203,60","190,00","923,28K","-1,50%"
"29.11.2023","199,70","197,50","203,60","196,40","942,67K","1,78%"
"28.11.2023","196,20","197,80","198,20","194,60","500,01K","0,93%"
"27.11.2023","194,40","206,40","206,40","193,40","1,54M","-6,40%"
"24.11.2023","207,70","214,00","215,40","205,20","434,48K","-2,94%"
"23.11.2023","214,00","216,50","218,40","211,60","205,74K","-1,15%"
"22.11.2023","216,50","211,50","220,40","211,40","288,71K","1,55%"
"21.11.2023","213,20","217,50","217,80","210,00","300,01K","-1,98%"
"20.11.2023","217,50","226,90","227,00","217,50","305,09K","-2,90%"
"17.11.2023","224,00","221,90","227,00","215,70","553,88K","0,63%"
"16.11.2023","222,60","219,70","229,50","219,00","1,03M","1,64%"
"15.11.2023","219,00","205,40","223,80","202,40","774,94K","6,62%"
"14.11.2023","205,40","218,60","219,40","201,30","1,23M","-6,59%"
"13.11.2023","219,90","232,00","233,50","219,90","409,60K","-4,81%"
"10.11.2023","231,00","235,30","235,30","226,40","437,21K","-1,53%"
"09.11.2023","234,60","237,20","237,20","233,10","181,74K","-0,76%"
"08.11.2023","236,40","236,30","238,00","235,50","118,45K","0,04%"
"07.11.2023","236,30","237,80","238,70","235,70","89,52K","-0,55%"
"06.11.2023","237,60","235,90","239,60","235,90","65,18K","0,55%"
"03.11.2023","236,30","236,70","240,80","236,00","175,55K","-0,71%"
"02.11.2023","238,00","239,50","240,20","235,20","170,72K","-0,58%"
"01.11.2023","239,40","235,40","240,00","234,60","194,32K","1,35%"
"31.10.2023","236,20","237,50","237,60","231,00","257,57K","-0,63%"
"30.10.2023","237,70","236,50","240,70","235,10","205,90K","-0,17%"
"27.10.2023","238,10","236,50","242,00","233,50","333,06K","0,68%"
"26.10.2023","236,50","240,90","242,60","236,20","364,75K","-1,74%"
"25.10.2023","240,70","242,50","243,00","240,50","126,85K","-0,70%"
"24.10.2023","242,40","241,20","243,40","240,50","149,44K","-0,25%"
"23.10.2023","243,00","247,40","248,20","240,50","328,47K","-1,06%"
"20.10.2023","245,60","249,70","250,00","241,40","378,07K","-1,64%"
"19.10.2023","249,70","239,50","250,80","238,00","1,51M","4,52%"
"18.10.2023","238,90","241,00","243,60","236,20","305,88K","-0,62%"
"17.10.2023","240,40","237,80","242,90","236,10","455,96K","1,69%"
"16.10.2023","236,40","237,10","237,90","234,70","186,28K","0,38%"
"13.10.2023","235,50","234,50","236,80","233,70","161,37K","0,64%"
"12.10.2023","234,00","234,90","238,00","230,60","357,04K","-2,05%"
"11.10.2023","238,90","236,60","242,20","233,10","632,86K","0,97%"
"10.10.2023","236,60","237,50","240,00","235,30","206,98K","-0,34%"
"09.10.2023","237,40","233,60","237,70","233,60","179,31K","1,71%"
"06.10.2023","233,40","238,00","239,00","230,60","359,84K","-1,93%"
"05.10.2023","238,00","242,00","244,40","236,00","296,63K","-1,65%"
"04.10.2023","242,00","242,50","246,80","240,30","226,03K","-0,12%"
"03.10.2023","242,30","245,50","246,40","238,50","308,23K","-0,86%"
"02.10.2023","244,40","244,10","253,00","242,30","511,00K","0,21%"
"29.09.2023","243,90","248,80","248,80","241,10","282,03K","-0,93%"
"28.09.2023","246,20","244,00","249,60","244,00","360,39K","0,98%"
"27.09.2023","243,80","241,00","246,70","239,60","528,25K","2,01%"
"26.09.2023","239,00","241,70","244,90","233,20","505,74K","-0,99%"
"25.09.2023","241,40","231,70","242,10","227,80","771,32K","4,96%"
"22.09.2023","230,00","226,00","233,00","223,60","556,28K","1,63%"
"21.09.2023","226,30","231,00","239,00","224,70","762,28K","-3,74%"
"20.09.2023","235,10","234,80","248,00","220,10","1,45M","-0,72%"
"19.09.2023","236,80","244,40","246,80","230,00","754,27K","-3,94%"
"18.09.2023","246,50","251,10","255,60","242,40","769,68K","-0,80%"
"15.09.2023","248,50","245,00","252,20","237,50","719,99K","1,68%"
"14.09.2023","244,40","255,00","257,20","222,10","1,79M","-4,16%"
"13.09.2023","255,00","261,30","262,80","250,20","502,52K","-2,34%"
"12.09.2023","261,10","259,80","264,90","256,80","488,08K","0,58%"
"11.09.2023","259,60","259,40","265,10","254,50","851,41K","1,41%"
"08.09.2023","256,00","253,00","262,30","242,40","1,60M","1,47%"
"07.09.2023","252,30","263,00","268,00","245,10","1,83M","-3,89%"
"06.09.2023","262,50","267,40","268,30","258,30","1,51M","-1,83%"
"05.09.2023","267,40","259,00","278,40","251,20","6,48M","3,72%"
"04.09.2023","257,80","252,00","258,90","247,30","2,03M","3,16%"
"01.09.2023","249,90","248,20","252,90","246,10","657,22K","1,09%"
"31.08.2023","247,20","249,50","253,00","246,20","417,06K","-0,92%"
"30.08.2023","249,50","246,90","252,00","245,50","1,26M","1,26%"
"29.08.2023","246,40","244,10","247,50","244,10","412,02K","-0,52%"
"28.08.2023","247,70","240,00","249,00","240,00","482,53K","1,02%"
"25.08.2023","245,20","248,90","249,00","243,00","526,72K","-0,37%"
"24.08.2023","246,10","246,20","248,80","242,20","368,14K","-0,08%"
"23.08.2023","246,30","250,90","253,70","240,60","1,23M","-0,97%"
"22.08.2023","248,70","244,10","257,90","241,00","5,68M","1,97%"
"21.08.2023","243,90","237,40","244,80","233,30","1,33M","2,95%"
"18.08.2023","236,90","234,10","239,70","231,30","925,70K","2,69%"
"17.08.2023","230,70","231,60","234,40","227,50","261,70K","-0,13%"
"16.08.2023","231,00","237,70","242,80","225,10","1,24M","-3,02%"
"15.08.2023","238,20","230,90","239,60","218,80","1,25M","2,45%"
"14.08.2023","232,50","240,80","242,80","230,20","820,25K","-2,64%"
"11.08.2023","238,80","238,00","241,60","236,00","728,27K","0,55%"
"10.08.2023","237,50","236,90","238,50","235,80","283,30K","0,55%"
"09.08.2023","236,20","235,30","239,80","234,50","624,66K","0,85%"
"08.08.2023","234,20","237,90","239,50","228,10","730,56K","-1,60%"
"07.08.2023","238,00","232,30","239,90","232,30","651,14K","2,63%"
"04.08.2023","231,90","242,80","244,70","215,00","1,79M","-4,37%"
"03.08.2023","242,50","242,00","245,50","241,10","690,65K","0,21%"
"02.08.2023","242,00","243,80","247,00","235,50","1,25M","-0,62%"
"01.08.2023","243,50","234,60","246,60","230,70","2,24M","4,73%"
"31.07.2023","232,50","230,00","234,40","228,50","1,01M","2,11%"
"28.07.2023","227,70","230,00","232,00","226,20","752,35K","-0,13%"
"27.07.2023","228,00","225,40","230,00","224,60","1,17M","1,69%"
"26.07.2023","224,20","225,90","227,00","222,00","988,14K","-0,31%"
"25.07.2023","224,90","223,30","226,70","221,00","752,25K","0,99%"
"24.07.2023","222,70","222,50","225,00","219,70","733,01K","1,41%"
"21.07.2023","219,60","215,00","224,90","213,70","1,76M","3,05%"
"20.07.2023","213,10","221,00","230,00","212,30","2,50M","-3,57%"
"19.07.2023","221,00","219,80","225,30","218,30","2,10M","0,96%"
"18.07.2023","218,90","211,30","219,00","211,10","1,81M","3,40%"
"17.07.2023","211,70","210,20","213,40","210,10","584,70K","0,38%"
"14.07.2023","210,90","212,90","213,10","209,60","246,51K","-0,24%"
"13.07.2023","211,40","214,60","214,90","208,10","423,17K","-0,56%"
"12.07.2023","212,60","207,50","214,90","206,30","1,69M","3,35%"
"11.07.2023","205,70","206,00","207,80","205,10","313,41K","0,29%"
"10.07.2023","205,10","204,00","207,00","203,20","432,22K","0,05%"
"07.07.2023","205,00","203,10","206,90","200,70","544,41K","0,94%"
"06.07.2023","203,10","203,60","209,10","202,60","577,94K","0,30%"
"05.07.2023","202,50","206,00","206,40","200,60","525,80K","-1,17%"
"04.07.2023","204,90","210,00","211,00","202,80","464,87K","-2,20%"
"03.07.2023","209,50","206,50","214,00","206,40","610,32K","1,26%"
"30.06.2023","206,90","209,80","211,80","205,50","562,45K","-1,38%"
"29.06.2023","209,80","215,00","216,70","208,00","650,66K","-1,82%"
"28.06.2023","213,70","208,00","214,80","207,50","1,13M","3,14%"
"27.06.2023","207,20","200,00","210,60","200,00","931,23K","3,81%"
"26.06.2023","199,60","206,80","207,80","195,00","583,54K","-1,87%"
"23.06.2023","203,40","209,00","209,00","199,00","895,21K","-2,77%"
"22.06.2023","209,20","214,00","215,90","206,50","1,01M","-1,18%"
"21.06.2023","211,70","205,00","220,70","204,50","5,72M","3,88%"
"20.06.2023","203,80","193,00","205,90","191,20","5,21M","5,65%"
"19.06.2023","192,90","189,30","194,50","188,10","1,05M","2,61%"
"16.06.2023","188,00","191,00","191,70","186,30","490,88K","-1,36%"
"15.06.2023","190,60","191,50","192,50","188,50","403,04K","-0,42%"
"14.06.2023","191,40","192,40","194,80","190,10","1,14M","0,26%"
"13.06.2023","190,90","190,00","192,90","187,00","1,05M","1,92%"
"09.06.2023","187,30","189,00","189,00","180,20","734,70K","-0,21%"
"08.06.2023","187,70","189,90","190,00","186,00","489,58K","0,37%"
"07.06.2023","187,00","193,00","201,30","185,00","6,03M","-1,58%"
"06.06.2023","190,00","180,30","190,00","175,00","1,17M","4,40%"
"05.06.2023","182,00","186,00","191,90","178,10","1,22M","-0,76%"
"02.06.2023","183,40","191,00","191,00","181,00","2,08M","-2,71%"
"01.06.2023","188,50","188,80","195,40","185,40","4,04M","2,06%"
"31.05.2023","184,70","170,80","184,70","170,00","3,59M","7,70%"
"30.05.2023","171,50","175,00","176,20","165,00","630,32K","-2,22%"
"29.05.2023","175,40","173,00","177,40","171,50","852,37K","2,39%"
"26.05.2023","171,30","173,40","173,40","171,00","176,91K","-0,12%"
"25.05.2023","171,50","174,90","174,90","170,50","200,74K","-1,10%"
"24.05.2023","173,40","172,00","175,90","170,20","561,03K","1,17%"
"23.05.2023","171,40","170,10","171,50","166,90","242,07K","0,82%"
"22.05.2023","170,00","175,60","175,60","162,00","725,60K","-2,30%"
"19.05.2023","174,00","174,30","177,40","172,80","610,03K","0,00%"
"18.05.2023","174,00","171,80","179,40","170,50","1,50M","1,75%"
"17.05.2023","171,00","174,80","174,90","169,30","715,22K","-1,72%"
"16.05.2023","174,00","182,00","182,30","173,20","1,87M","-3,87%"
"15.05.2023","181,00","173,00","184,10","171,00","5,47M","6,66%"
"12.05.2023","169,70","164,80","171,50","164,40","2,07M","3,22%"
"11.05.2023","164,40","163,20","167,50","163,20","644,52K","1,11%"
"10.05.2023","162,60","159,50","165,00","158,20","484,56K","2,78%"
"08.05.2023","158,20","154,40","161,20","153,70","299,82K","3,13%"
"05.05.2023","153,40","154,10","161,70","152,20","521,78K","-0,45%"
"04.05.2023","154,10","148,80","158,00","148,80","675,60K","3,56%"
"03.05.2023","148,80","154,00","156,10","145,40","601,14K","-2,11%"
"02.05.2023","152,00","163,60","166,20","145,10","1,07M","-6,86%"
"28.04.2023","163,20","166,50","173,30","161,00","1,45M","-0,73%"
"27.04.2023","164,40","167,90","169,10","163,00","474,61K","-2,26%"
"26.04.2023","168,20","168,80","169,30","167,60","157,58K","0,12%"
"25.04.2023","168,00","170,20","170,80","167,00","245,81K","-0,94%"
"24.04.2023","169,60","169,20","172,10","165,20","404,52K","0,30%"
"21.04.2023","169,10","172,40","172,40","168,50","295,29K","-0,70%"
"20.04.2023","170,30","170,80","176,30","169,00","1,29M","-0,29%"
"19.04.2023","170,80","174,00","174,50","167,10","590,26K","-1,27%"
"18.04.2023","173,00","177,20","177,50","172,00","829,86K","-1,14%"
"17.04.2023","175,00","168,00","180,50","167,60","4,74M","4,54%"
"14.04.2023","167,40","166,70","170,70","163,10","801,23K","1,27%"
"13.04.2023","165,30","170,50","171,30","162,20","1,06M","-2,76%"
"12.04.2023","170,00","173,20","177,00","168,50","1,63M","-0,64%"
"11.04.2023","171,10","176,10","177,80","167,90","890,99K","-2,23%"
"10.04.2023","175,00","174,40","182,30","170,60","2,27M","2,70%"
"07.04.2023","170,40","174,00","188,00","167,80","5,11M","-1,96%"
"06.04.2023","173,80","183,00","200,00","172,10","10,26M","-6,56%"
"05.04.2023","186,00","149,10","198,00","140,20","51,03M","26,10%"
"04.04.2023","147,50","128,50","152,00","128,50","17,79M","14,96%"
"03.04.2023","128,30","121,80","132,30","120,40","8,28M","7,54%"
"31.03.2023","119,30","121,90","124,90","119,30","1,19M","-1,81%"
"30.03.2023","121,50","121,90","123,90","116,30","1,51M","-0,33%"
"29.03.2023","121,90","122,60","123,90","119,50","904,02K","-0,57%"
"28.03.2023","122,60","122,60","125,50","120,90","1,40M","0,25%"
"27.03.2023","122,30","118,90","126,30","117,10","5,05M","4,53%"
"24.03.2023","117,00","117,30","124,30","116,00","5,79M","0,52%"
"23.03.2023","116,40","110,50","119,70","110,20","4,87M","5,34%"
"22.03.2023","110,50","111,60","111,80","110,00","513,14K","-0,72%"
"21.03.2023","111,30","111,30","112,40","111,00","1,11M","0,72%"
"20.03.2023","110,50","109,50","112,70","108,50","1,67M","1,19%"
"17.03.2023","109,20","110,50","111,80","108,90","825,20K","-0,64%"
"16.03.2023","109,90","109,40","112,60","108,10","1,32M","0,83%"
"15.03.2023","109,00","109,60","110,30","107,70","389,50K","-0,27%"
"14.03.2023","109,30","109,40","109,60","108,70","293,23K","0,74%"
"13.03.2023","108,50","109,50","110,20","107,50","466,11K","-0,46%"
"10.03.2023","109,00","109,40","109,90","108,80","339,79K","-0,73%"
"09.03.2023","109,80","109,90","110,90","109,20","473,91K","0,00%"
"07.03.2023","109,80","110,50","110,50","108,50","302,49K","-0,36%"
"06.03.2023","110,20","110,70","111,00","109,60","526,67K","0,92%"
"03.03.2023","109,20","108,20","111,50","108,20","940,50K","0,92%"
"02.03.2023","108,20","111,50","111,80","104,80","1,32M","-2,52%"
"01.03.2023","111,00","114,00","114,60","108,60","2,54M","-1,16%"
"28.02.2023","112,30","109,70","113,00","109,00","4,10M","3,41%"
"27.02.2023","108,60","103,40","109,70","102,10","4,66M","5,23%"
"24.02.2023","103,20","104,60","104,90","102,20","452,65K","0,10%"
"22.02.2023","103,10","102,10","105,50","102,10","1,11M","0,98%"
"21.02.2023","102,10","98,90","107,20","98,60","3,99M","3,24%"
"20.02.2023","98,90","99,50","100,30","97,60","310,64K","-0,60%"
"17.02.2023","99,50","100,30","102,30","98,20","629,91K","-0,50%"
"16.02.2023","100,00","98,90","105,00","96,10","2,26M","4,49%"
"15.02.2023","95,70","102,60","102,60","93,00","2,02M","-7,27%"
"14.02.2023","103,20","105,80","106,90","102,20","643,38K","-2,18%"
"13.02.2023","105,50","108,00","109,20","104,50","1,48M","0,09%"
"10.02.2023","105,40","102,40","113,60","102,00","10,09M","3,13%"
"09.02.2023","102,20","105,00","105,80","101,10","892,34K","-2,57%"
"08.02.2023","104,90","107,50","107,50","104,10","1,10M","-1,13%"
"07.02.2023","106,10","108,50","108,90","105,00","957,21K","-1,12%"
"06.02.2023","107,30","106,20","109,60","103,70","2,07M","2,19%"
"03.02.2023","105,00","111,80","114,00","104,20","1,54M","-4,63%"
"02.02.2023","110,10","105,00","114,00","104,30","3,07M","6,69%"
"01.02.2023","103,20","107,40","119,40","102,20","9,75M","-3,28%"
"31.01.2023","106,70","89,60","111,00","89,30","15,59M","19,22%"
"30.01.2023","89,50","89,60","90,10","88,60","186,42K","0,22%"
"27.01.2023","89,30","90,50","90,80","89,10","248,54K","-0,89%"
"26.01.2023","90,10","88,90","91,40","88,30","812,11K","1,69%"
"25.01.2023","88,60","89,00","89,80","88,10","251,27K","0,11%"
"24.01.2023","88,50","87,90","89,70","87,40","566,03K","1,03%"
"23.01.2023","87,60","88,40","89,60","87,30","178,61K","-0,23%"
"20.01.2023","87,80","89,00","89,70","87,40","241,04K","-0,90%"
"19.01.2023","88,60","87,70","89,90","85,40","1,07M","1,37%"
"18.01.2023","87,40","87,50","88,30","86,50","251,05K","-0,23%"
"17.01.2023","87,60","88,40","88,60","86,10","368,22K","-0,90%"
"16.01.2023","88,40","86,60","88,70","86,20","491,05K","2,55%"
"13.01.2023","86,20","86,60","87,10","85,70","192,03K","0,12%"
"12.01.2023","86,10","86,60","86,90","85,90","150,34K","0,12%"
"11.01.2023","86,00","84,90","86,80","84,70","212,04K","0,47%"
"10.01.2023","85,60","85,20","87,30","85,20","355,66K","0,47%"
"09.01.2023","85,20","84,80","86,10","84,60","144,77K","0,59%"
"06.01.2023","84,70","84,80","85,30","84,30","85,35K","0,00%"
"05.01.2023","84,70","85,20","86,00","84,00","143,18K","-0,59%"
"04.01.2023","85,20","84,60","85,90","84,60","112,81K","0,35%"
"03.01.2023","84,90","83,80","86,40","83,40","257,22K","2,04%"
"30.12.2022","83,20","84,20","84,80","83,10","171,72K","-1,19%"
"29.12.2022","84,20","84,30","84,60","83,80","108,29K","0,48%"
"28.12.2022","83,80","85,90","85,90","82,60","285,02K","-1,64%"
"27.12.2022","85,20","83,90","89,00","83,40","1,14M","1,55%"
"26.12.2022","83,90","84,40","85,40","83,30","260,79K","0,72%"
"23.12.2022","83,30","85,90","91,60","83,30","3,27M","1,09%"
"22.12.2022","82,40","82,50","84,00","81,40","215,11K","0,00%"
"21.12.2022","82,40","81,20","84,90","81,20","686,26K","1,48%"
"20.12.2022","81,20","80,20","85,00","79,30","289,96K","1,25%"
"19.12.2022","80,20","82,10","82,10","79,50","171,52K","-1,72%"
"16.12.2022","81,60","80,80","82,00","80,40","82,09K","1,24%"
"15.12.2022","80,60","82,20","82,20","80,40","104,99K","-1,71%"
"14.12.2022","82,00","82,30","83,00","81,50","92,57K","-0,36%"
"13.12.2022","82,30","82,30","82,40","81,50","103,41K","0,00%"
"12.12.2022","82,30","83,00","83,30","81,50","103,16K","-0,60%"
"09.12.2022","82,80","83,70","83,80","82,30","73,45K","-1,08%"
"08.12.2022","83,70","83,70","84,00","83,40","59,02K","0,12%"
"07.12.2022","83,60","84,00","84,00","83,00","121,32K","-0,48%"
"06.12.2022","84,00","84,40","84,70","83,70","131,88K","-0,59%"
"05.12.2022","84,50","84,80","85,50","83,60","406,70K","0,00%"
"02.12.2022","84,50","85,50","85,50","84,00","135,74K","-0,94%"
"01.12.2022","85,30","85,10","86,30","84,40","341,32K","0,83%"
"30.11.2022","84,60","85,40","85,40","84,50","148,22K","0,00%"
"29.11.2022","84,60","86,00","86,20","84,40","230,94K","-0,94%"
"28.11.2022","85,40","85,80","88,20","85,10","301,84K","-0,12%"
"25.11.2022","85,50","88,00","88,90","85,10","292,62K","-2,29%"
"24.11.2022","87,50","85,30","90,80","85,30","1,05M","3,06%"
"23.11.2022","84,90","84,40","85,50","84,40","79,08K","0,71%"
"22.11.2022","84,30","84,40","84,70","83,80","48,80K","0,60%"
"21.11.2022","83,80","85,50","85,60","83,20","79,26K","-1,87%"
"18.11.2022","85,40","85,70","87,20","85,00","98,48K","-0,12%"
"17.11.2022","85,50","86,10","86,50","85,00","62,80K","-0,70%"
"16.11.2022","86,10","86,00","87,00","85,90","141,59K","-0,23%"
"15.11.2022","86,30","86,80","86,80","85,70","95,02K","0,00%"
"14.11.2022","86,30","87,20","88,00","86,10","258,00K","-0,69%"
"11.11.2022","86,90","87,20","88,40","86,60","137,39K","-0,34%"
"10.11.2022","87,20","85,80","88,30","85,80","95,21K","0,69%"
"09.11.2022","86,60","89,00","89,60","86,20","207,80K","-2,70%"
"08.11.2022","89,00","89,60","89,90","87,40","139,64K","0,45%"
"07.11.2022","88,60","87,00","90,20","87,00","145,85K","2,07%"
"03.11.2022","86,80","85,50","87,50","85,40","128,03K","-1,25%"
"02.11.2022","87,90","88,50","88,90","87,70","112,50K","-0,68%"
"01.11.2022","88,50","88,50","89,40","88,00","87,17K","0,45%"
"31.10.2022","88,10","88,40","89,60","87,50","127,29K","-0,11%"
"28.10.2022","88,20","89,50","89,90","87,30","167,67K","-1,45%"
"27.10.2022","89,50","89,60","90,40","88,10","404,31K","1,36%"
"26.10.2022","88,30","89,60","89,70","87,10","188,51K","-0,79%"
"25.10.2022","89,00","87,20","90,90","87,20","563,29K","2,06%"
"24.10.2022","87,20","88,00","88,00","86,60","113,60K","0,81%"
"21.10.2022","86,50","88,50","90,80","86,30","373,24K","-1,14%"
"20.10.2022","87,50","85,50","91,00","84,30","954,69K","3,80%"
"19.10.2022","84,30","85,00","85,60","82,10","123,45K","-1,75%"
"18.10.2022","85,80","85,40","86,80","85,30","214,61K","0,70%"
"17.10.2022","85,20","85,40","85,90","84,00","189,64K","2,16%"
"14.10.2022","83,40","84,00","85,50","83,20","100,25K","-0,71%"
"13.10.2022","84,00","84,10","86,00","83,10","219,01K","-0,59%"
"12.10.2022","84,50","85,50","87,00","82,00","386,37K","-0,35%"
"11.10.2022","84,80","77,90","89,60","77,40","1,66M","9,99%"
"10.10.2022","77,10","76,00","78,40","73,00","96,06K","0,26%"
"07.10.2022","76,90","77,50","78,80","76,90","52,77K","-1,54%"
"06.10.2022","78,10","78,30","79,50","77,30","42,90K","-0,64%"
"05.10.2022","78,60","79,00","79,50","77,00","104,02K","-0,51%"
"04.10.2022","79,00","80,90","81,00","79,00","83,85K","-1,00%"
"03.10.2022","79,80","81,10","81,10","77,30","103,35K","3,77%"
"30.09.2022","76,90","74,40","77,90","73,00","138,85K","3,50%"
"29.09.2022","74,30","78,00","78,70","73,10","96,75K","-4,01%"
"28.09.2022","77,40","78,70","81,80","77,00","111,08K","-0,64%"
"27.09.2022","77,90","77,90","80,10","75,40","162,40K","0,00%"
"26.09.2022","77,90","82,70","83,80","72,10","252,61K","-5,80%"
"23.09.2022","82,70","86,50","86,90","79,40","265,31K","-3,27%"
"22.09.2022","85,50","85,80","87,90","85,00","295,23K","-0,35%"
"21.09.2022","85,80","76,10","88,30","71,00","662,86K","1,54%"
"20.09.2022","84,50","92,80","94,10","80,00","840,90K","-8,45%"
"19.09.2022","92,30","93,80","94,00","92,30","189,83K","-1,60%"
"16.09.2022","93,80","95,60","96,10","92,50","449,51K","-1,57%"
"15.09.2022","95,30","90,20","96,60","90,10","940,61K","5,30%"
"14.09.2022","90,50","91,50","91,50","90,10","128,78K","-0,66%"
"13.09.2022","91,10","92,80","93,00","90,50","240,82K","-1,41%"
"12.09.2022","92,40","93,00","93,40","90,20","267,36K","0,22%"
"09.09.2022","92,20","92,40","93,60","92,00","222,37K","-0,22%"
"08.09.2022","92,40","92,00","93,90","91,10","611,79K","0,76%"
"07.09.2022","91,70","91,70","92,50","90,20","584,24K","0,77%"
"06.09.2022","91,00","91,50","92,80","90,10","546,50K","0,22%"
"05.09.2022","90,80","90,60","91,00","89,90","253,45K","0,44%"
"02.09.2022","90,40","90,40","90,90","90,10","192,22K","0,00%"
"01.09.2022","90,40","91,10","91,10","89,80","253,17K","-0,77%"
"31.08.2022","91,10","89,50","91,60","89,40","165,83K","0,66%"
"30.08.2022","90,50","92,20","92,40","90,50","104,65K","-0,44%"
"29.08.2022","90,90","90,10","94,20","89,90","315,22K","0,89%"
"26.08.2022","90,10","90,20","90,80","89,60","126,46K","-0,44%"
"25.08.2022","90,50","91,40","91,90","89,90","151,96K","-0,33%"
"24.08.2022","90,80","92,30","92,30","90,40","91,40K","-1,30%"
"23.08.2022","92,00","91,20","94,90","90,20","521,61K","2,34%"
"22.08.2022","89,90","90,20","90,60","87,50","94,72K","-0,22%"
"19.08.2022","90,10","90,90","91,10","89,40","73,63K","-0,55%"
"18.08.2022","90,60","91,50","92,10","90,00","82,03K","-0,98%"
"17.08.2022","91,50","92,20","92,60","91,40","69,68K","-0,76%"
"16.08.2022","92,20","92,80","92,80","90,40","123,74K","-0,22%"
"15.08.2022","92,40","91,40","93,50","90,60","160,20K","1,99%"
"12.08.2022","90,60","89,30","96,70","87,00","1,06M","1,46%"
"11.08.2022","89,30","90,70","90,70","87,40","125,50K","-0,33%"
"10.08.2022","89,60","91,40","92,50","89,10","169,93K","-1,86%"
"09.08.2022","91,30","88,50","93,30","87,20","402,08K","4,94%"
"08.08.2022","87,00","83,90","94,40","83,10","748,73K","6,23%"
"05.08.2022","81,90","87,50","89,90","81,00","338,57K","-6,08%"
"04.08.2022","87,20","89,20","91,70","86,60","316,29K","-4,28%"
"03.08.2022","91,10","93,00","95,20","86,50","440,67K","-1,51%"
"02.08.2022","92,50","96,90","99,00","92,50","498,90K","-2,43%"
"01.08.2022","94,80","86,90","101,90","86,50","1,35M","9,34%"
"29.07.2022","86,70","85,20","87,10","84,00","63,99K","1,40%"
"28.07.2022","85,50","86,90","87,50","83,00","116,22K","-0,58%"
"27.07.2022","86,00","83,10","87,60","81,90","149,85K","3,99%"
"26.07.2022","82,70","81,60","83,90","81,50","70,62K","1,47%"
"25.07.2022","81,50","81,50","82,70","81,00","78,93K","0,37%"
"22.07.2022","81,20","80,40","81,80","79,90","46,17K","1,75%"
"21.07.2022","79,80","80,90","81,00","78,10","84,60K","-1,24%"
"20.07.2022","80,80","83,00","83,50","80,00","163,63K","-2,65%"
"19.07.2022","83,00","85,00","86,50","80,80","90,22K","-3,38%"
"18.07.2022","85,90","85,90","86,60","84,30","78,11K","0,47%"
"15.07.2022","85,50","86,40","89,00","82,90","214,28K","-0,70%"
"14.07.2022","86,10","86,20","88,10","84,70","47,84K","-0,46%"
"13.07.2022","86,50","88,30","89,80","85,50","74,98K","-1,93%"
"12.07.2022","88,20","90,70","90,70","87,60","38,31K","-1,78%"
"11.07.2022","89,80","91,80","91,80","89,30","47,26K","-0,77%"
"08.07.2022","90,50","92,00","92,00","90,20","42,21K","-0,44%"
"07.07.2022","90,90","92,80","94,50","89,00","159,68K","-1,20%"
"06.07.2022","92,00","89,50","92,50","89,20","109,51K","3,14%"
"05.07.2022","89,20","91,10","94,90","86,00","215,81K","-2,94%"
"04.07.2022","91,90","90,50","94,00","89,30","126,70K","2,91%"
"01.07.2022","89,30","88,80","90,80","85,20","88,07K","0,56%"
"30.06.2022","88,80","92,50","93,60","88,20","109,10K","-4,41%"
"29.06.2022","92,90","94,00","94,50","92,20","77,37K","-1,80%"
"28.06.2022","94,60","94,90","96,10","94,30","78,30K","-0,11%"
"27.06.2022","94,70","94,50","95,00","94,00","69,15K","0,53%"
"24.06.2022","94,20","95,60","95,60","94,10","62,97K","-0,53%"
"23.06.2022","94,70","98,90","98,90","94,50","101,78K","-1,15%"
"22.06.2022","95,80","96,00","96,00","94,70","62,08K","-0,93%"
"21.06.2022","96,70","97,50","98,00","96,30","71,24K","-0,21%"
"20.06.2022","96,90","97,60","97,60","95,80","60,12K","0,00%"
"17.06.2022","96,90","98,00","99,70","96,20","69,52K","-1,12%"
"16.06.2022","98,00","96,10","99,40","95,10","149,43K","2,08%"
"15.06.2022","96,00","96,90","97,00","95,10","107,94K","-0,72%"
"14.06.2022","96,70","100,00","100,00","96,10","40,92K","-0,41%"
"10.06.2022","97,10","98,10","100,90","97,10","29,02K","-1,32%"
"09.06.2022","98,40","97,70","98,80","96,50","50,19K","0,10%"
"08.06.2022","98,30","97,60","99,20","97,60","47,59K","0,31%"
"07.06.2022","98,00","98,40","99,10","95,20","74,70K","-0,41%"
"06.06.2022","98,40","98,00","99,80","97,50","93,10K","0,10%"
"03.06.2022","98,30","99,30","100,50","98,10","67,16K","-1,31%"
"02.06.2022","99,60","100,70","100,90","99,40","29,91K","-0,90%"
"01.06.2022","100,50","99,80","100,70","99,40","40,93K","0,90%"
"31.05.2022","99,60","99,90","99,90","99,00","30,62K","-0,30%"
"30.05.2022","99,90","100,90","100,90","99,40","57,03K","-0,40%"
"27.05.2022","100,30","100,60","100,70","100,00","34,36K","-0,30%"
"26.05.2022","100,60","100,50","101,20","97,50","134,28K","-0,20%"
"25.05.2022","100,80","100,50","101,50","100,50","32,56K","0,30%"
"24.05.2022","100,50","101,30","102,00","100,00","62,66K","-0,79%"
"23.05.2022","101,30","103,20","103,30","100,90","42,86K","-0,69%"
"20.05.2022","102,00","102,00","103,30","101,60","58,90K","-0,49%"
"19.05.2022","102,50","103,90","104,10","102,20","34,50K","-0,58%"
"18.05.2022","103,10","104,00","110,00","101,00","291,56K","-0,87%"
"17.05.2022","104,00","105,20","106,20","102,80","113,31K","0,29%"
"16.05.2022","103,70","101,20","104,50","101,00","143,05K","2,88%"
"13.05.2022","100,80","100,50","101,70","100,50","28,31K","-0,79%"
"12.05.2022","101,60","102,40","102,40","101,10","28,52K","-0,29%"
"11.05.2022","101,90","102,90","102,90","101,40","54,48K","-0,20%"
"06.05.2022","102,10","103,60","103,60","101,30","57,60K","-0,20%"
"05.05.2022","102,30","103,00","103,80","101,00","114,13K","-0,39%"
"04.05.2022","102,70","103,00","103,80","100,70","73,72K","-0,29%"
"29.04.2022","103,00","103,00","104,90","102,70","45,97K","0,49%"
"28.04.2022","102,50","104,50","107,30","101,20","195,08K","-1,44%"
"27.04.2022","104,00","103,50","104,40","102,20","135,44K","0,97%"
"26.04.2022","103,00","103,30","104,00","102,30","121,87K","0,78%"
"25.04.2022","102,20","103,60","104,70","100,60","90,45K","-1,35%"
"22.04.2022","103,60","103,80","112,00","102,00","440,90K","0,00%"
"21.04.2022","103,60","98,90","107,60","98,20","511,05K","4,54%"
"20.04.2022","99,10","99,50","100,50","98,20","76,31K","-0,40%"
"19.04.2022","99,50","100,80","101,00","98,10","58,92K","-0,60%"
"18.04.2022","100,10","100,10","102,70","99,00","77,51K","0,00%"
"15.04.2022","100,10","100,30","105,00","95,00","199,19K","-0,20%"
"14.04.2022","100,30","102,50","103,90","100,00","116,33K","-2,53%"
"13.04.2022","102,90","102,80","103,80","100,10","113,15K","0,10%"
"12.04.2022","102,80","103,90","103,90","97,10","206,75K","1,28%"
"11.04.2022","101,50","103,90","103,90","101,50","87,35K","0,20%"
"08.04.2022","101,30","103,00","103,40","100,00","72,54K","0,30%"
"07.04.2022","101,00","101,00","106,00","100,20","187,20K","0,80%"
"06.04.2022","100,20","99,20","104,80","96,80","177,43K","-0,40%"
"05.04.2022","100,60","106,00","106,00","97,50","187,86K","-3,64%"
"04.04.2022","104,40","106,20","107,90","103,50","178,02K","-1,42%"
"01.04.2022","105,90","109,00","109,00","104,00","300,05K","-2,31%"
"31.03.2022","108,40","111,30","111,70","106,00","360,21K","-2,61%"
"30.03.2022","111,30","122,00","129,00","102,20","447,29K","-5,60%"
"29.03.2022","117,90","104,60","129,70","102,20","806,61K","16,16%"
"28.03.2022","101,50","81,40","103,00","75,20","677,81K","24,54%"
"25.02.2022","81,50","74,60","91,90","73,30","180,89K","11,80%"
"24.02.2022","72,90","84,00","85,50","56,80","325,70K","-20,67%"
"22.02.2022","91,90","92,90","93,50","75,00","349,58K","-1,50%"
"21.02.2022","93,30","104,90","107,00","86,20","248,00K","-10,89%"
"18.02.2022","104,70","106,30","106,30","102,40","47,85K","-0,19%"
"17.02.2022","104,90","106,10","107,30","104,90","39,04K","-2,15%"
"16.02.2022","107,20","106,70","108,90","106,60","95,71K","0,75%"
"15.02.2022","106,40","104,30","110,50","104,30","247,93K","2,11%"
"14.02.2022","104,20","105,80","105,80","102,60","81,98K","-1,79%"
"11.02.2022","106,10","108,20","110,00","104,30","82,02K","-1,94%"
"10.02.2022","108,20","104,20","109,80","103,60","285,04K","3,84%"
"09.02.2022","104,20","104,90","104,90","103,50","84,50K","0,48%"
"08.02.2022","103,70","102,50","106,40","102,50","157,92K","0,97%"
"07.02.2022","102,70","105,40","105,40","102,50","52,67K","-0,87%"
"04.02.2022","103,60","104,00","105,30","103,00","74,21K","0,78%"
"03.02.2022","102,80","103,70","104,00","100,90","48,17K","-0,87%"
"02.02.2022","103,70","105,90","105,90","103,40","47,07K","-1,61%"
"01.02.2022","105,40","106,40","106,70","104,50","71,97K","-0,94%"
"31.01.2022","106,40","105,80","107,40","105,80","60,92K","0,57%"
"28.01.2022","105,80","105,40","107,00","104,70","78,53K","1,54%"
"27.01.2022","104,20","103,40","105,30","102,80","72,73K","0,77%"
"26.01.2022","103,40","100,80","104,40","100,60","87,68K","2,58%"
"25.01.2022","100,80","101,50","103,50","98,70","77,27K","-0,30%"
"24.01.2022","101,10","106,80","106,80","97,20","180,75K","-4,89%"
"21.01.2022","106,30","107,50","107,50","105,60","53,23K","-1,02%"
"20.01.2022","107,40","107,40","108,00","105,60","86,62K","1,32%"
"19.01.2022","106,00","103,50","109,00","101,30","183,03K","2,12%"
"18.01.2022","103,80","110,20","111,10","102,00","158,79K","-5,64%"
"17.01.2022","110,00","108,10","110,00","106,10","147,48K","2,71%"
"14.01.2022","107,10","113,60","113,60","105,10","194,51K","-3,08%"
"13.01.2022","110,50","114,80","115,50","110,20","158,48K","-3,16%"
"12.01.2022","114,10","113,00","116,10","113,00","116,40K","0,71%"
"11.01.2022","113,30","113,80","116,90","110,90","206,55K","0,80%"
"10.01.2022","112,40","107,30","118,50","107,30","618,63K","4,85%"
"06.01.2022","107,20","110,40","110,40","106,10","64,42K","-2,55%"
"05.01.2022","110,00","111,00","112,20","109,90","64,04K","-0,81%"
"04.01.2022","110,90","110,40","113,80","109,70","97,05K","0,09%"
"03.01.2022","110,80","105,10","114,00","105,10","144,97K","5,52%"
"30.12.2021","105,00","104,70","105,70","104,00","52,29K","0,29%"
"29.12.2021","104,70","104,60","105,60","103,60","66,80K","0,10%"
"28.12.2021","104,60","106,10","106,60","104,20","102,60K","-0,38%"
"27.12.2021","105,00","107,10","107,10","103,90","106,90K","-0,94%"
"24.12.2021","106,00","106,40","108,10","102,90","53,40K","-0,28%"
"23.12.2021","106,30","108,10","108,80","103,30","81,79K","-1,02%"
"22.12.2021","107,40","106,80","108,00","105,40","100,39K","1,70%"
"21.12.2021","105,60","105,20","107,00","104,00","57,48K","0,38%"
"20.12.2021","105,20","107,20","108,90","102,50","113,40K","-1,13%"
"17.12.2021","106,40","106,00","106,70","104,80","65,94K","0,38%"
"16.12.2021","106,00","104,40","107,00","103,80","86,26K","2,91%"
"15.12.2021","103,00","103,20","104,30","101,20","98,81K","2,39%"
"14.12.2021","100,60","99,90","102,20","98,80","136,77K","-0,30%"
"13.12.2021","100,90","103,80","105,00","100,30","78,92K","-2,79%"
"10.12.2021","103,80","105,10","109,80","102,10","162,56K","-1,05%"
"09.12.2021","104,90","106,50","106,50","103,60","47,26K","-0,19%"
"08.12.2021","105,10","108,70","111,10","104,20","246,83K","-0,85%"
"07.12.2021","106,00","103,00","108,00","102,20","175,02K","4,85%"
"06.12.2021","101,10","107,00","108,30","100,10","179,32K","-5,51%"
"03.12.2021","107,00","108,30","109,30","106,10","94,06K","-0,37%"
"02.12.2021","107,40","108,00","108,30","103,60","176,90K","-0,56%"
"01.12.2021","108,00","109,30","111,10","104,10","210,82K","-0,64%"
"30.11.2021","108,70","110,60","112,40","108,00","208,33K","-1,90%"
"29.11.2021","110,80","113,10","114,30","109,90","197,41K","0,36%"
"26.11.2021","110,40","113,90","114,00","107,50","320,13K","-3,83%"
"25.11.2021","114,80","114,90","118,00","113,90","114,16K","-1,03%"
"24.11.2021","116,00","116,50","120,00","114,40","147,38K","-0,43%"
"23.11.2021","116,50","112,60","117,80","110,00","192,56K","3,46%"
"22.11.2021","112,60","118,80","121,20","100,60","393,97K","-4,25%"
"19.11.2021","117,60","121,20","124,50","116,00","234,20K","-1,67%"
"18.11.2021","119,60","120,80","126,00","117,50","446,10K","-0,91%"
"17.11.2021","120,70","121,50","121,50","120,00","69,20K","0,00%"
"16.11.2021","120,70","124,00","124,00","120,70","86,85K","-1,47%"
"15.11.2021","122,50","123,00","125,20","122,40","123,33K","-0,33%"
"12.11.2021","122,90","125,80","128,00","121,70","200,62K","-0,08%"
"11.11.2021","123,00","127,30","130,00","120,00","740,35K","-2,15%"
"10.11.2021","125,70","120,90","127,00","120,00","633,47K","4,66%"
"09.11.2021","120,10","121,50","121,50","119,30","85,69K","-0,74%"
"08.11.2021","121,00","117,90","126,90","117,90","439,07K","2,63%"
"05.11.2021","117,90","119,90","120,00","115,10","80,40K","-0,59%"
"03.11.2021","118,60","118,90","120,10","117,80","76,01K","-0,25%"
"02.11.2021","118,90","121,60","121,60","118,40","109,34K","-0,42%"
"01.11.2021","119,40","116,60","121,00","116,60","200,48K","2,49%"
"29.10.2021","116,50","119,00","122,90","116,20","245,27K","-1,69%"
"28.10.2021","118,50","121,50","122,50","117,10","109,56K","-2,79%"
"27.10.2021","121,90","122,60","123,50","120,00","164,05K","0,41%"
"26.10.2021","121,40","118,00","124,80","117,60","526,93K","2,88%"
"25.10.2021","118,00","123,70","124,30","116,50","205,34K","-2,96%"
"22.10.2021","121,60","115,90","128,50","114,00","834,23K","6,20%"
"21.10.2021","114,50","122,00","122,20","113,40","520,50K","-5,37%"
"20.10.2021","121,00","126,80","126,80","120,00","298,71K","-1,47%"
"19.10.2021","122,80","129,00","135,00","120,00","1,11M","-3,69%"
"18.10.2021","127,50","116,80","130,00","115,50","3,28M","12,53%"
"15.10.2021","113,30","101,00","119,00","100,50","1,65M","12,29%"
"14.10.2021","100,90","102,10","102,10","100,10","82,76K","-0,30%"
"13.10.2021","101,20","102,00","102,50","100,70","92,12K","-0,49%"
"12.10.2021","101,70","103,20","103,20","98,80","59,66K","-0,68%"
"11.10.2021","102,40","104,00","104,00","100,50","159,93K","2,40%"
"08.10.2021","100,00","101,30","102,70","99,00","222,78K","-0,60%"
"07.10.2021","100,60","100,00","101,10","97,60","121,52K","1,11%"
"06.10.2021","99,50","101,00","101,40","96,60","195,35K","-0,50%"
"05.10.2021","100,00","102,70","102,80","96,60","249,58K","-2,34%"
"04.10.2021","102,40","106,80","106,80","101,30","137,90K","-0,29%"
"01.10.2021","102,70","105,00","105,00","100,00","120,32K","-1,63%"
"30.09.2021","104,40","107,00","107,00","104,10","69,86K","-0,10%"
"29.09.2021","104,50","106,20","106,60","103,90","94,16K","-1,60%"
"28.09.2021","106,20","105,40","107,40","103,70","174,75K","1,82%"
"27.09.2021","104,30","106,40","107,10","102,00","177,23K","-1,70%"
"24.09.2021","106,10","108,80","109,90","105,00","143,53K","-1,67%"
"23.09.2021","107,90","104,50","113,30","104,30","548,55K","4,86%"
"22.09.2021","102,90","101,00","105,10","100,30","151,09K","2,39%"
"21.09.2021","100,50","101,90","103,70","97,80","164,56K","-1,37%"
"20.09.2021","101,90","106,50","108,40","99,30","279,78K","-4,32%"
"17.09.2021","106,50","108,80","110,00","106,30","152,15K","-0,93%"
"16.09.2021","107,50","108,90","109,00","107,00","126,27K","0,00%"
"15.09.2021","107,50","111,70","112,30","106,10","251,10K","-3,33%"
"14.09.2021","111,20","112,00","117,60","110,00","393,37K","1,09%"
"13.09.2021","110,00","107,90","115,00","106,10","617,39K","3,29%"
"10.09.2021","106,50","105,30","114,40","104,40","1,16M","2,11%"
"09.09.2021","104,30","106,80","106,80","103,50","135,57K","-1,97%"
"08.09.2021","106,40","106,60","109,10","104,50","265,42K","-0,65%"
"07.09.2021","107,10","113,00","113,00","106,60","294,18K","-3,51%"
"06.09.2021","111,00","114,70","115,60","106,20","467,81K","-2,20%"
"03.09.2021","113,50","106,10","119,80","105,10","1,52M","6,47%"
"02.09.2021","106,60","109,70","111,50","102,10","787,16K","-2,74%"
"01.09.2021","109,60","118,10","137,70","105,90","3,36M","-6,32%"
"31.08.2021","117,00","95,80","132,10","95,10","5,54M","23,94%"
"30.08.2021","94,40","82,00","97,20","81,40","1,36M","16,54%"
"27.08.2021","81,00","75,50","83,70","75,20","593,22K","7,71%"
"26.08.2021","75,20","75,50","76,20","75,00","57,78K","-0,27%"
"25.08.2021","75,40","75,60","76,00","75,00","28,44K","-0,26%"
"24.08.2021","75,60","75,80","76,20","75,00","46,72K","-0,26%"
"23.08.2021","75,80","74,00","76,30","74,00","67,09K","2,71%"
"20.08.2021","73,80","74,50","74,70","73,10","47,84K","-0,94%"
"19.08.2021","74,50","76,50","77,00","72,20","112,04K","-2,61%"
"18.08.2021","76,50","77,10","77,50","75,20","51,45K","0,66%"
"17.08.2021","76,00","76,60","77,70","76,00","94,94K","-0,52%"
"16.08.2021","76,40","76,00","76,70","76,00","62,44K","0,92%"
"13.08.2021","75,70","75,60","76,40","75,20","46,09K","0,66%"
"12.08.2021","75,20","75,00","76,00","74,50","34,83K","0,27%"
"11.08.2021","75,00","74,80","76,00","74,00","61,15K","0,27%"
"10.08.2021","74,80","73,80","75,30","73,80","69,45K","-0,40%"
"09.08.2021","75,10","73,30","76,00","72,80","92,45K","2,32%"
"06.08.2021","73,40","73,00","73,60","72,60","70,23K","0,69%"
"05.08.2021","72,90","72,70","73,80","72,50","52,15K","0,14%"
"04.08.2021","72,80","72,50","72,90","72,20","53,32K","0,41%"
"03.08.2021","72,50","72,60","72,70","72,00","37,77K","-0,14%"
"02.08.2021","72,60","72,50","73,00","72,20","38,88K","0,55%"
"30.07.2021","72,20","72,60","72,70","72,00","27,23K","-0,14%"
"29.07.2021","72,30","72,70","73,20","72,20","26,20K","-0,14%"
"28.07.2021","72,40","73,30","73,30","72,20","48,35K","-0,14%"
"27.07.2021","72,50","73,00","73,40","72,40","54,86K","0,14%"
"26.07.2021","72,40","72,60","73,00","72,00","33,71K","-0,28%"
"23.07.2021","72,60","73,40","73,60","72,30","29,97K","0,41%"
"22.07.2021","72,30","72,20","73,30","72,20","38,13K","-0,14%"
"21.07.2021","72,40","72,50","73,00","71,70","51,83K","0,28%"
"20.07.2021","72,20","72,50","72,70","71,80","37,01K","0,56%"
"19.07.2021","71,80","73,60","75,50","71,60","123,47K","-2,45%"
"16.07.2021","73,60","72,00","76,90","71,80","199,36K","2,22%"
"15.07.2021","72,00","73,40","73,90","71,20","104,27K","-2,57%"
"14.07.2021","73,90","75,80","76,20","73,30","56,53K","-2,64%"
"13.07.2021","75,90","74,70","76,80","73,60","99,73K","1,47%"
"12.07.2021","74,80","72,80","76,60","72,60","126,01K","1,08%"
"09.07.2021","74,00","73,00","74,20","72,70","53,05K","1,09%"
"08.07.2021","73,20","72,20","73,40","71,70","67,03K","0,69%"
"07.07.2021","72,70","72,30","74,00","72,20","61,97K","0,55%"
"06.07.2021","72,30","73,30","73,70","72,30","61,43K","-0,14%"
"05.07.2021","72,40","74,10","74,20","71,60","181,32K","-1,23%"
"02.07.2021","73,30","73,00","73,90","71,30","60,95K","1,81%"
"01.07.2021","72,00","71,80","72,40","71,70","39,17K","0,42%"
"30.06.2021","71,70","72,90","72,90","71,60","41,88K","-0,55%"
"29.06.2021","72,10","71,90","73,30","71,20","50,78K","0,14%"
"28.06.2021","72,00","73,70","74,50","72,00","72,51K","-1,77%"
"25.06.2021","73,30","74,50","74,70","73,00","57,23K","-1,08%"
"24.06.2021","74,10","74,30","74,70","73,50","63,00K","0,54%"
"23.06.2021","73,70","74,30","75,10","73,50","45,27K","-0,67%"
"22.06.2021","74,20","77,00","77,00","73,90","72,42K","-0,67%"
"21.06.2021","74,70","73,30","75,60","73,10","153,83K","1,91%"
"18.06.2021","73,30","75,00","75,60","73,10","49,41K","-1,35%"
"17.06.2021","74,30","74,60","75,50","73,10","66,57K","-0,40%"
"16.06.2021","74,60","75,20","76,20","73,90","96,25K","-1,06%"
"15.06.2021","75,40","76,50","77,00","75,20","121,49K","-2,08%"
"14.06.2021","77,00","75,00","77,00","74,70","117,37K","1,85%"
"11.06.2021","75,60","74,80","76,30","74,20","99,13K","1,20%"
"10.06.2021","74,70","75,50","76,90","74,10","107,77K","-0,40%"
"09.06.2021","75,00","74,30","76,30","73,30","134,22K","-1,32%"
"08.06.2021","76,00","77,00","77,70","73,80","179,97K","-1,17%"
"07.06.2021","76,90","73,60","77,00","73,60","250,30K","4,48%"
"04.06.2021","73,60","73,40","75,00","72,50","160,06K","0,41%"
"03.06.2021","73,30","71,90","75,20","70,80","287,09K","3,97%"
"02.06.2021","70,50","70,00","71,50","69,90","76,75K","0,43%"
"01.06.2021","70,20","70,70","70,70","70,10","54,26K","-0,14%"
"31.05.2021","70,30","70,30","70,60","69,70","52,96K","0,57%"
"28.05.2021","69,90","70,40","70,40","69,60","42,48K","-0,43%"
"27.05.2021","70,20","70,90","70,90","69,70","48,69K","-0,43%"
"26.05.2021","70,50","70,70","70,90","70,20","61,08K","0,14%"
"25.05.2021","70,40","71,20","71,20","70,10","55,69K","-0,14%"
"24.05.2021","70,50","70,50","71,00","70,00","60,21K","0,71%"
"21.05.2021","70,00","69,90","70,80","69,30","42,08K","0,14%"
"20.05.2021","69,90","70,10","70,60","69,30","56,45K","0,14%"
"19.05.2021","69,80","71,50","72,00","69,10","87,08K","-2,38%"
"18.05.2021","71,50","71,10","71,90","70,30","152,81K","2,00%"
"17.05.2021","70,10","69,60","70,50","68,50","94,85K","2,34%"
"14.05.2021","68,50","68,80","69,90","68,00","78,80K","0,29%"
"13.05.2021","68,30","68,20","69,50","67,90","95,22K","-0,15%"
"12.05.2021","68,40","70,10","70,10","68,20","64,32K","-1,58%"
"11.05.2021","69,50","70,00","70,40","69,10","58,83K","-0,71%"
"10.05.2021","70,00","70,50","70,80","69,50","92,72K","-0,71%"
"07.05.2021","70,50","70,80","70,80","70,20","59,19K","0,28%"
"06.05.2021","70,30","70,90","71,20","70,10","52,58K","-0,42%"
"05.05.2021","70,60","70,30","72,00","70,30","66,34K","-0,28%"
"04.05.2021","70,80","70,10","71,50","69,50","102,91K","1,43%"
"30.04.2021","69,80","70,70","71,50","69,30","80,59K","-1,27%"
"29.04.2021","70,70","70,60","72,00","70,00","105,55K","1,14%"
"28.04.2021","69,90","71,50","72,30","69,60","156,52K","-0,71%"
"27.04.2021","70,40","69,90","71,70","69,60","121,31K","1,00%"
"26.04.2021","69,70","70,50","71,00","69,30","110,58K","-0,99%"
"23.04.2021","70,40","70,60","70,60","68,90","86,76K","0,43%"
"22.04.2021","70,10","69,70","71,10","69,40","103,55K","0,57%"
"21.04.2021","69,70","68,00","72,00","67,10","222,62K","2,20%"
"20.04.2021","68,20","70,00","72,00","67,70","241,41K","-2,43%"
"19.04.2021","69,90","67,20","74,30","66,10","975,60K","5,91%"
"16.04.2021","66,00","66,10","66,50","65,60","60,59K","0,30%"
"15.04.2021","65,80","65,60","67,90","65,30","214,33K","0,77%"
"14.04.2021","65,30","65,60","65,60","65,10","56,43K","0,15%"
"13.04.2021","65,20","64,90","65,40","64,90","56,48K","0,31%"
"12.04.2021","65,00","65,20","66,40","62,70","184,72K","-0,46%"
"09.04.2021","65,30","66,80","67,30","64,30","121,84K","-2,68%"
"08.04.2021","67,10","65,30","68,90","64,70","256,54K","3,23%"
"07.04.2021","65,00","64,70","65,30","64,50","47,15K","-0,15%"
"06.04.2021","65,10","65,30","65,40","64,90","44,66K","-0,46%"
"05.04.2021","65,40","65,30","65,40","64,80","61,64K","0,15%"
"02.04.2021","65,30","64,90","65,40","64,70","65,22K","0,62%"
"01.04.2021","64,90","65,00","65,50","64,60","96,29K","0,31%"
"31.03.2021","64,70","64,60","65,20","64,40","67,95K","0,15%"
"30.03.2021","64,60","65,50","65,50","64,50","52,68K","-0,62%"
"29.03.2021","65,00","65,00","65,50","64,40","64,63K","0,00%"
"26.03.2021","65,00","65,10","65,90","64,40","91,23K","1,25%"
"25.03.2021","64,20","64,50","65,20","64,20","43,79K","-1,23%"
"24.03.2021","65,00","64,60","65,30","64,40","44,12K","0,62%"
"23.03.2021","64,60","66,00","66,00","64,60","44,60K","-1,37%"
"22.03.2021","65,50","66,10","66,20","65,10","53,69K","0,00%"
"19.03.2021","65,50","65,00","66,80","64,90","82,51K","0,77%"
"18.03.2021","65,00","65,10","66,00","64,70","42,46K","-0,15%"
"17.03.2021","65,10","64,50","67,80","64,40","250,22K","0,77%"
"16.03.2021","64,60","65,70","65,70","64,50","61,26K","-0,62%"
"15.03.2021","65,00","64,50","66,90","64,40","127,45K","0,78%"
"12.03.2021","64,50","64,60","65,90","64,40","63,83K","-0,15%"
"11.03.2021","64,60","64,90","65,60","64,30","55,06K","0,16%"
"10.03.2021","64,50","64,40","64,90","64,30","37,26K","-0,15%"
"09.03.2021","64,60","64,70","64,80","64,10","52,54K","0,62%"
"05.03.2021","64,20","64,10","64,50","63,80","49,44K","0,16%"
"04.03.2021","64,10","65,00","65,30","64,00","46,90K","-0,77%"
"03.03.2021","64,60","64,90","65,10","64,60","41,71K","-0,31%"
"02.03.2021","64,80","64,20","65,00","64,20","74,25K","0,93%"
"01.03.2021","64,20","65,10","66,00","64,00","195,65K","3,22%"
"26.02.2021","62,20","62,30","62,70","61,30","42,49K","-1,27%"
"25.02.2021","63,00","62,70","63,10","62,00","89,19K","0,16%"
"24.02.2021","62,90","63,40","64,10","62,70","84,16K","0,16%"
"22.02.2021","62,80","63,10","69,00","62,70","642,10K","-1,26%"
"20.02.2021","63,60","62,90","63,90","62,60","21,32K","0,63%"
"19.02.2021","63,20","63,50","63,50","62,30","30,06K","0,48%"
"18.02.2021","62,90","63,50","63,70","62,90","29,82K","-0,94%"
"17.02.2021","63,50","63,60","64,00","63,50","34,33K","-0,16%"
"16.02.2021","63,60","64,00","64,10","63,50","29,47K","-0,31%"
"15.02.2021","63,80","62,80","64,00","62,80","28,93K","0,79%"
"12.02.2021","63,30","64,10","64,30","62,10","70,15K","-0,78%"
"11.02.2021","63,80","63,50","64,20","63,10","29,44K","-0,16%"
"10.02.2021","63,90","63,70","64,50","63,30","54,28K","0,95%"
"09.02.2021","63,30","63,20","63,90","63,10","22,76K","-0,47%"
"08.02.2021","63,60","64,00","64,60","63,10","39,94K","0,16%"
"05.02.2021","63,50","64,00","64,70","63,00","38,45K","-0,63%"
"04.02.2021","63,90","62,90","65,00","62,90","97,39K","1,75%"
"03.02.2021","62,80","63,10","63,20","62,70","19,77K","-0,63%"
"02.02.2021","63,20","62,60","63,30","62,30","23,96K","1,28%"
"01.02.2021","62,40","63,30","64,00","60,50","55,58K","0,00%"
"29.01.2021","62,40","62,60","63,50","62,20","38,90K","-0,32%"
"28.01.2021","62,60","62,90","62,90","62,10","37,65K","-0,48%"
"27.01.2021","62,90","63,80","63,80","62,80","59,97K","-1,41%"
"26.01.2021","63,80","63,10","63,80","62,80","29,85K","1,43%"
"25.01.2021","62,90","63,00","63,40","62,10","58,81K","-0,47%"
"22.01.2021","63,20","64,10","64,10","62,30","72,61K","-1,40%"
"21.01.2021","64,10","64,60","64,90","63,80","43,58K","-0,77%"
"20.01.2021","64,60","65,00","65,10","64,60","21,27K","-0,31%"
"19.01.2021","64,80","64,70","65,00","64,60","23,38K","-0,15%"
"18.01.2021","64,90","67,80","67,80","64,50","22,98K","0,46%"
"15.01.2021","64,60","65,20","65,30","64,60","35,81K","-0,15%"
"14.01.2021","64,70","64,50","65,00","64,50","26,31K","0,00%"
"13.01.2021","64,70","65,10","65,30","64,60","28,93K","-0,31%"
"12.01.2021","64,90","64,80","65,50","64,60","64,81K","0,15%"
"11.01.2021","64,80","65,40","65,60","64,30","93,31K","-0,46%"
"08.01.2021","65,10","65,10","65,60","65,00","52,43K","0,15%"
"06.01.2021","65,00","65,00","66,60","64,90","41,18K","-0,15%"
"05.01.2021","65,10","65,10","66,50","64,80","34,66K","0,31%"
"04.01.2021","64,90","64,80","65,50","64,60","53,47K","0,31%"
"30.12.2020","64,70","64,90","64,90","63,90","44,04K","1,25%"
"29.12.2020","63,90","64,20","65,70","63,80","125,97K","-0,16%"
"28.12.2020","64,00","63,70","64,60","63,40","60,96K","0,47%"
"25.12.2020","63,70","63,00","64,00","63,00","42,38K","1,43%"
"24.12.2020","62,80","63,90","64,20","60,80","65,39K","-1,57%"
"23.12.2020","63,80","63,80","64,20","63,50","21,04K","-0,31%"
"22.12.2020","64,00","62,40","64,20","62,20","139,31K","2,56%"
"21.12.2020","62,40","64,30","64,30","61,80","80,13K","-2,80%"
"18.12.2020","64,20","64,30","64,40","63,20","49,79K","0,16%"
"17.12.2020","64,10","64,50","64,60","63,90","44,00K","-0,62%"
"16.12.2020","64,50","64,30","64,90","63,70","38,95K","-0,15%"
"15.12.2020","64,60","64,20","64,60","63,50","69,08K","1,10%"
"14.12.2020","63,90","64,40","64,90","63,70","79,14K","-0,62%"
"11.12.2020","64,30","63,80","66,20","63,50","131,59K","0,94%"
"10.12.2020","63,70","64,80","65,30","62,60","104,82K","-2,00%"
"09.12.2020","65,00","65,10","65,60","64,60","40,93K","-0,15%"
"08.12.2020","65,10","65,40","65,70","64,60","61,29K","-0,76%"
"07.12.2020","65,60","65,90","66,50","64,90","67,24K","-0,46%"
"04.12.2020","65,90","65,10","67,00","65,00","68,75K","0,61%"
"03.12.2020","65,50","66,10","67,00","64,50","83,64K","-0,76%"
"02.12.2020","66,00","64,50","66,20","63,50","116,31K","2,33%"
"01.12.2020","64,50","63,80","64,60","63,80","61,33K","1,26%"
"30.11.2020","63,70","64,20","64,50","63,00","67,68K","-0,31%"
"27.11.2020","63,90","64,70","65,10","63,00","195,36K","0,79%"
"26.11.2020","63,40","63,60","63,60","62,70","33,28K","-0,16%"
"25.11.2020","63,50","63,40","65,70","62,20","105,04K","-0,16%"
"24.11.2020","63,60","62,70","64,00","62,70","68,21K","1,11%"
"23.11.2020","62,90","61,70","62,90","61,70","44,87K","2,28%"
"20.11.2020","61,50","63,10","63,50","61,30","55,15K","-2,84%"
"19.11.2020","63,30","63,90","64,00","62,60","46,15K","-0,94%"
"18.11.2020","63,90","65,80","65,80","63,00","108,62K","-0,78%"
"17.11.2020","64,40","61,10","65,70","60,20","226,76K","5,40%"
"16.11.2020","61,10","61,30","61,60","60,80","30,68K","-0,16%"
"13.11.2020","61,20","61,10","61,60","60,00","43,62K","-0,16%"
"12.11.2020","61,30","62,10","62,10","60,90","17,81K","-0,65%"
"11.11.2020","61,70","61,20","62,10","60,80","50,23K","1,15%"
"10.11.2020","61,00","61,50","61,70","60,50","31,09K","-0,33%"
"09.11.2020","61,20","60,70","62,50","60,70","100,42K","0,66%"
"06.11.2020","60,80","59,70","62,20","59,00","55,10K","1,84%"
"05.11.2020","59,70","58,20","61,00","58,20","65,29K","2,93%"
"03.11.2020","58,00","58,00","58,50","57,40","29,56K","0,17%"
"02.11.2020","57,90","57,80","59,20","57,00","34,00K","0,35%"
"30.10.2020","57,70","58,30","58,50","57,20","17,45K","-1,37%"
"29.10.2020","58,50","59,20","59,20","56,50","103,46K","-1,35%"
"28.10.2020","59,30","60,30","60,40","58,80","27,52K","-1,98%"
"27.10.2020","60,50","61,20","61,30","60,40","17,15K","-1,14%"
"26.10.2020","61,20","61,60","61,90","60,70","20,64K","-0,33%"
"23.10.2020","61,40","61,80","62,40","61,00","24,93K","-0,49%"
"22.10.2020","61,70","61,60","62,10","61,20","12,32K","-0,16%"
"21.10.2020","61,80","61,90","62,10","61,50","12,41K","0,00%"
"20.10.2020","61,80","62,10","62,40","61,60","15,16K","-0,96%"
"19.10.2020","62,40","61,80","63,00","61,10","72,34K","0,65%"
"16.10.2020","62,00","61,60","62,70","60,70","47,29K","0,98%"
"15.10.2020","61,40","60,20","62,90","59,70","140,80K","1,99%"
"14.10.2020","60,20","59,60","60,20","59,10","16,15K","1,35%"
"13.10.2020","59,40","60,80","60,80","59,10","28,06K","-1,49%"
"12.10.2020","60,30","60,00","60,50","59,10","30,24K","1,17%"
"09.10.2020","59,60","59,10","62,00","59,10","27,68K","0,51%"
"08.10.2020","59,30","59,30","59,80","58,80","15,15K","0,00%"
"07.10.2020","59,30","59,90","59,90","58,80","29,63K","-0,84%"
"06.10.2020","59,80","59,10","60,40","58,20","48,02K","0,67%"
"05.10.2020","59,40","59,30","59,80","59,10","19,55K","0,17%"
"02.10.2020","59,30","60,00","60,00","59,00","23,28K","-1,00%"
"01.10.2020","59,90","59,60","60,50","59,50","42,71K","0,34%"
"30.09.2020","59,70","59,50","59,90","59,50","14,45K","0,00%"
"29.09.2020","59,70","59,90","60,10","59,50","24,31K","-0,33%"
"28.09.2020","59,90","60,90","60,90","59,00","101,65K","-1,16%"
"25.09.2020","60,60","61,20","61,60","60,30","27,38K","-1,46%"
"24.09.2020","61,50","61,60","61,80","59,50","170,12K","-0,32%"
"23.09.2020","61,70","62,20","62,40","60,70","49,51K","-0,64%"
"22.09.2020","62,10","61,80","62,80","61,80","14,82K","0,16%"
"21.09.2020","62,00","63,00","63,60","62,00","32,82K","-1,90%"
"18.09.2020","63,20","63,30","63,70","62,90","27,12K","0,32%"
"17.09.2020","63,00","62,40","63,30","62,30","25,20K","0,48%"
"16.09.2020","62,70","62,90","62,90","62,40","16,66K","-0,32%"
"15.09.2020","62,90","62,50","63,80","62,50","23,06K","0,64%"
"14.09.2020","62,50","62,70","64,40","62,40","96,07K","-0,16%"
"11.09.2020","62,60","62,60","63,00","62,00","21,38K","-0,16%"
"10.09.2020","62,70","63,40","63,40","62,30","19,66K","0,32%"
"09.09.2020","62,50","61,00","63,30","61,00","68,87K","1,46%"
"08.09.2020","61,60","63,20","63,40","60,60","49,31K","-2,38%"
"07.09.2020","63,10","61,80","63,40","61,60","51,38K","2,10%"
"04.09.2020","61,80","61,00","62,50","60,10","76,49K","0,98%"
"03.09.2020","61,20","61,50","62,60","60,60","66,71K","-1,77%"
"02.09.2020","62,30","63,20","64,50","61,70","87,05K","-1,58%"
"01.09.2020","63,30","63,70","64,50","63,10","44,19K","-0,78%"
"31.08.2020","63,80","64,00","65,90","63,60","96,32K","-0,16%"
"28.08.2020","63,90","65,00","65,10","63,70","15,77K","-1,24%"
"27.08.2020","64,70","63,50","65,60","63,10","105,29K","2,21%"
"26.08.2020","63,30","64,30","64,30","63,10","63,15K","-0,94%"
"25.08.2020","63,90","64,00","64,60","63,70","38,66K","-0,62%"
"24.08.2020","64,30","64,50","64,60","63,50","60,25K","-0,16%"
"21.08.2020","64,40","65,30","65,70","64,20","46,34K","-0,16%"
"20.08.2020","64,50","66,10","66,70","64,10","150,31K","-3,44%"
"19.08.2020","66,80","64,10","79,90","63,40","644,72K","5,20%"
"18.08.2020","63,50","64,00","64,00","63,10","37,24K","-1,09%"
"17.08.2020","64,20","66,50","66,50","63,00","126,70K","-1,83%"
"14.08.2020","65,40","64,80","66,80","64,20","90,50K","0,93%"
"13.08.2020","64,80","65,00","65,80","64,30","67,85K","-0,31%"
"12.08.2020","65,00","65,00","66,60","64,00","161,63K","1,88%"
"11.08.2020","63,80","64,60","65,80","62,40","181,04K","-1,69%"
"10.08.2020","64,90","66,30","70,70","63,30","432,76K","-1,22%"
"07.08.2020","65,70","58,70","76,00","58,20","2,07M","12,12%"
"06.08.2020","58,60","58,50","58,80","58,00","29,75K","0,17%"
"05.08.2020","58,50","58,40","59,30","58,10","68,19K","0,17%"
"04.08.2020","58,40","58,40","58,60","57,80","27,49K","0,34%"
"03.08.2020","58,20","58,40","59,00","57,60","90,29K","0,87%"
"31.07.2020","57,70","59,80","60,20","57,70","103,35K","-3,03%"
"30.07.2020","59,50","60,90","60,90","58,40","69,32K","-0,83%"
"29.07.2020","60,00","57,70","60,60","57,50","199,62K","4,17%"
"28.07.2020","57,60","57,70","58,20","57,50","23,84K","-0,17%"
"27.07.2020","57,70","57,40","58,20","57,20","53,51K","-0,69%"
"24.07.2020","58,10","57,60","58,10","57,20","11,45K","0,17%"
"23.07.2020","58,00","58,10","58,50","57,30","44,73K","-0,34%"
"22.07.2020","58,20","58,10","58,80","57,90","29,21K","0,00%"
"21.07.2020","58,20","57,60","58,70","57,60","75,94K","-0,17%"
"20.07.2020","58,30","58,50","59,20","57,00","90,27K","-0,34%"
"17.07.2020","58,50","61,90","61,90","57,70","210,24K","0,69%"
"16.07.2020","58,10","58,50","58,60","57,30","54,57K","0,52%"
"15.07.2020","57,80","58,50","58,60","56,90","50,55K","0,00%"
"14.07.2020","57,80","58,30","59,30","56,60","61,82K","-1,53%"
"13.07.2020","58,70","56,20","58,80","56,20","125,09K","4,45%"
"10.07.2020","56,20","57,00","57,10","55,80","25,37K","-1,06%"
"09.07.2020","56,80","56,40","57,40","56,40","12,71K","0,00%"
"08.07.2020","56,80","57,40","57,40","56,50","29,67K","-1,05%"
"07.07.2020","57,40","59,80","59,80","54,90","25,99K","-0,69%"
"06.07.2020","57,80","57,10","58,00","57,10","24,47K","1,23%"
"03.07.2020","57,10","58,30","58,30","57,00","31,93K","-0,70%"
"02.07.2020","57,50","57,30","58,00","56,80","26,76K","0,70%"
"30.06.2020","57,10","57,00","57,80","56,30","27,20K","0,18%"
"29.06.2020","57,00","57,30","57,80","56,30","22,39K","0,00%"
"26.06.2020","57,00","56,50","57,70","56,40","13,31K","0,00%"
"25.06.2020","57,00","58,90","58,90","56,30","21,89K","-0,70%"
"23.06.2020","57,40","58,60","58,60","57,30","25,08K","-1,20%"
"22.06.2020","58,10","58,50","58,60","57,60","32,24K","0,87%"
"19.06.2020","57,60","57,40","57,90","57,30","23,34K","0,52%"
"18.06.2020","57,30","57,70","57,80","57,10","10,23K","-0,69%"
"17.06.2020","57,70","57,20","57,90","57,20","21,17K","-0,17%"
"16.06.2020","57,80","58,90","59,00","57,10","64,58K","-1,37%"
"15.06.2020","58,60","56,60","58,60","55,90","75,67K","2,27%"
"11.06.2020","57,30","59,10","59,80","57,20","36,85K","-2,55%"
"10.06.2020","58,80","58,40","59,30","57,30","42,84K","1,38%"
"09.06.2020","58,00","58,50","59,50","56,00","30,27K","-2,36%"
"08.06.2020","59,40","60,40","60,60","58,50","94,46K","-1,00%"
"05.06.2020","60,00","58,30","61,00","57,50","91,62K","2,92%"
"04.06.2020","58,30","59,30","59,70","57,20","56,18K","-1,85%"
"03.06.2020","59,40","61,50","62,00","58,50","88,90K","-1,98%"
"02.06.2020","60,60","56,50","65,00","55,40","260,35K","8,21%"
"01.06.2020","56,00","56,30","56,90","55,40","25,04K","0,18%"
"29.05.2020","55,90","55,90","56,20","55,40","21,84K","0,72%"
"28.05.2020","55,50","55,80","56,20","55,20","30,32K","0,36%"
"27.05.2020","55,30","55,50","56,20","55,10","29,36K","-0,54%"
"26.05.2020","55,60","55,00","56,00","54,70","23,36K","0,72%"
"25.05.2020","55,20","55,30","55,60","54,80","15,07K","0,36%"
"22.05.2020","55,00","55,40","55,50","54,20","9,94K","-0,72%"
"21.05.2020","55,40","55,20","55,80","53,60","43,93K","0,36%"
"20.05.2020","55,20","55,00","55,30","54,50","24,91K","0,91%"
"19.05.2020","54,70","55,60","55,70","54,60","17,12K","-0,91%"
"18.05.2020","55,20","54,20","55,70","54,00","11,06K","1,66%"
"15.05.2020","54,30","54,40","54,80","54,00","13,80K","0,18%"
"14.05.2020","54,20","54,00","54,90","53,10","31,99K","-0,18%"
"13.05.2020","54,30","55,20","55,60","53,40","78,60K","-2,16%"
"12.05.2020","55,50","56,60","57,50","54,90","44,39K","-0,89%"
"08.05.2020","56,00","55,70","56,20","55,10","15,37K","1,27%"
"07.05.2020","55,30","55,90","56,70","55,30","19,52K","-0,54%"
"06.05.2020","55,60","56,50","56,80","55,50","32,77K","-0,71%"
"05.05.2020","56,00","55,40","56,50","55,10","25,03K","1,63%"
"04.05.2020","55,10","56,10","56,10","54,80","17,06K","-0,72%"
"30.04.2020","55,50","55,70","56,10","54,80","28,99K","0,00%"
"29.04.2020","55,50","56,20","56,20","55,00","22,37K","-0,54%"
"28.04.2020","55,80","55,20","56,70","54,30","140,48K","1,09%"
"27.04.2020","55,20","54,30","56,00","53,90","42,51K","0,55%"
"24.04.2020","54,90","54,90","56,60","53,20","125,50K","1,67%"
"23.04.2020","54,00","53,00","54,00","53,00","67,14K","2,08%"
"22.04.2020","52,90","51,60","53,00","51,40","50,26K","2,72%"
"21.04.2020","51,50","53,40","53,80","51,10","35,83K","-2,09%"
"20.04.2020","52,60","52,80","53,70","52,50","24,62K","-0,75%"
"17.04.2020","53,00","52,80","53,80","52,80","19,19K","-0,19%"
"16.04.2020","53,10","51,70","53,40","51,60","35,11K","2,12%"
"15.04.2020","52,00","54,10","54,80","51,50","76,17K","-3,88%"
"14.04.2020","54,10","54,40","54,90","54,00","27,39K","-0,18%"
"13.04.2020","54,20","54,50","54,50","53,50","33,53K","0,18%"
"10.04.2020","54,10","54,50","54,80","53,50","48,01K","0,00%"
"09.04.2020","54,10","55,70","55,70","53,30","90,96K","0,74%"
"08.04.2020","53,70","54,60","54,80","53,00","139,68K","-2,01%"
"07.04.2020","54,80","54,40","56,00","54,40","144,47K","0,74%"
"06.04.2020","54,40","53,80","55,90","51,50","137,95K","1,49%"
"03.04.2020","53,60","51,00","53,90","50,20","221,83K","5,30%"
"02.04.2020","50,90","51,30","52,50","50,30","218,97K","-0,20%"
"01.04.2020","51,00","51,10","51,90","50,50","76,78K","-1,35%"
"31.03.2020","51,70","51,10","52,80","49,90","339,62K","1,17%"
"30.03.2020","51,10","54,70","54,70","49,50","650,93K","-5,02%"
"27.03.2020","53,80","56,60","56,60","53,60","18,77K","-4,95%"
"26.03.2020","56,60","54,20","56,70","52,60","45,03K","1,98%"
"25.03.2020","55,50","53,10","56,80","52,50","90,93K","5,11%"
"24.03.2020","52,80","52,80","53,80","51,90","22,87K","2,52%"
"23.03.2020","51,50","50,10","53,00","48,00","33,80K","0,59%"
"20.03.2020","51,20","50,00","53,50","49,10","113,24K","2,61%"
"19.03.2020","49,90","44,90","51,00","43,40","118,56K","13,41%"
"18.03.2020","44,00","48,40","48,80","42,30","116,22K","-9,09%"
"17.03.2020","48,40","51,90","52,40","48,00","51,50K","-6,02%"
"16.03.2020","51,50","52,90","53,00","50,10","22,46K","-2,65%"
"13.03.2020","52,90","51,00","54,00","50,20","44,28K","3,12%"
"12.03.2020","51,30","59,00","69,80","50,10","171,58K","-13,64%"
"11.03.2020","59,40","60,80","61,60","58,40","37,61K","1,71%"
"10.03.2020","58,40","60,00","61,90","57,00","74,05K","-7,30%"
"06.03.2020","63,00","66,70","66,70","60,20","91,34K","-5,55%"
"05.03.2020","66,70","67,20","68,90","65,90","19,95K","-1,33%"
"04.03.2020","67,60","67,00","68,50","64,80","21,41K","0,90%"
"03.03.2020","67,00","66,30","67,00","63,70","44,88K","1,36%"
"02.03.2020","66,10","66,60","68,70","63,10","89,72K","0,92%"
"28.02.2020","65,50","67,90","68,50","62,50","134,40K","-3,39%"
"27.02.2020","67,80","68,90","68,90","65,90","59,72K","-1,60%"
"26.02.2020","68,90","69,50","71,20","66,80","121,72K","-1,29%"
"25.02.2020","69,80","70,80","72,80","69,70","70,38K","-3,59%"
"21.02.2020","72,40","71,50","74,00","71,30","35,40K","-0,28%"
"20.02.2020","72,60","72,90","73,40","71,40","126,72K","0,69%"
"19.02.2020","72,10","74,20","76,00","70,20","302,51K","-1,50%"
"18.02.2020","73,20","75,50","79,90","71,30","608,55K","-2,27%"
"17.02.2020","74,90","69,70","78,00","69,10","680,76K","10,64%"
"14.02.2020","67,70","68,00","68,00","66,10","10,76K","0,45%"
"13.02.2020","67,40","68,20","68,60","66,90","10,55K","-0,59%"
"12.02.2020","67,80","68,90","68,90","67,10","24,50K","-0,59%"
"11.02.2020","68,20","68,10","69,00","67,60","22,41K","-0,44%"
"10.02.2020","68,50","67,40","69,40","66,30","49,57K","2,09%"
"07.02.2020","67,10","66,30","67,60","66,30","13,22K","0,60%"
"06.02.2020","66,70","67,10","67,80","65,90","39,50K","0,00%"
"05.02.2020","66,70","67,10","69,00","65,70","40,40K","-2,06%"
"04.02.2020","68,10","67,00","68,80","67,00","6,65K","0,59%"
"03.02.2020","67,70","67,50","69,80","66,00","57,04K","-0,15%"
"31.01.2020","67,80","69,70","70,00","67,60","25,18K","-2,59%"
"30.01.2020","69,60","68,10","69,70","68,10","27,92K","2,35%"
"29.01.2020","68,00","66,50","70,50","66,20","40,18K","0,89%"
"28.01.2020","67,40","65,00","69,00","64,70","76,22K","4,01%"
"27.01.2020","64,80","68,10","68,70","64,30","73,75K","-5,26%"
"24.01.2020","68,40","69,30","70,00","68,00","37,05K","-1,01%"
"23.01.2020","69,10","71,40","71,40","67,70","91,37K","-3,36%"
"22.01.2020","71,50","71,40","71,90","70,90","81,72K","0,85%"
"21.01.2020","70,90","71,60","72,10","70,30","21,82K","-0,98%"
"20.01.2020","71,60","71,90","73,00","70,20","52,68K","-0,56%"
"17.01.2020","72,00","70,90","72,40","70,30","65,66K","0,98%"
"16.01.2020","71,30","70,00","71,80","69,90","79,96K","1,86%"
"15.01.2020","70,00","70,40","72,40","68,80","223,22K","-0,14%"
"14.01.2020","70,10","70,90","72,80","69,60","109,97K","-3,04%"
"13.01.2020","72,30","73,40","73,80","71,10","90,58K","0,84%"
"10.01.2020","71,70","71,50","73,00","70,20","93,78K","1,99%"
"09.01.2020","70,30","73,00","75,00","69,60","211,36K","-3,70%"
"08.01.2020","73,00","76,00","76,00","66,30","298,84K","-0,82%"
"06.01.2020","73,60","69,90","75,00","69,50","449,92K","5,90%"
"03.01.2020","69,50","60,40","70,50","60,30","469,83K","15,07%"